task,PPnr,RT_dual,RT_sing,Acc_dual,Acc_sing
long_cue,R_08x3yfNtCFtgBYl,1873.1,1887.0625,0.9375,1
long_cue,R_0OmSAzFURsT3hND,731.9821428571429,1166.75,0.9375,1
long_cue,R_10ZPMCCzcV8FG6A,989.75,974.0625,1,1
long_cue,R_12s68Ligswec1t3,531.4910714285714,588.9375,0.9375,1
long_cue,R_1BPAkPhD282eIwa,841.5625,934.25,1,1
long_cue,R_1CDQa7qsN9RNzFH,1132.375,1297.0625,1,1
long_cue,R_1CJcSTbRoTUCqgI,1048.2410714285716,1145.142857142857,1,0.875
long_cue,R_1DuNzuDT2Ly6aYo,1034.6875,1022.5,1,1
long_cue,R_1Ej3yOyXSRu4rHj,468.57142857142856,607.5625,0.9375,1
long_cue,R_1HkLtKPGeWEXFwg,828.375,1091.6875,1,1
long_cue,R_1HpZbLVjg7CUvTk,937.7321428571429,1026.95,0.9375,0.8125
long_cue,R_1IR8kofj9wFWdIF,1308.375,1408.85,1,0.9375
long_cue,R_1ISOn43feC1HgrC,1149.2857142857142,1052.6517857142858,0.875,0.9375
long_cue,R_1IXVr7a4rbLclDy,1272.8333333333335,1372.6190476190477,1,0.875
long_cue,R_1IfTVw1P9JXGPqL,878.5,814.3125,1,1
long_cue,R_1K3eLYRF0WM0F1x,1216.9375,1630.0625,1,1
long_cue,R_1K6KGucq5uhaFzv,1662.6875,1404.75,1,0.9375
long_cue,R_1K71a7Ou0dd9RDl,943.5535714285714,1191.3125,0.9375,1
long_cue,R_1KqDdYqdsxJyWIf,692.9375,790.375,1,0.9375
long_cue,R_1LXmTvk5iLuGEaA,671.625,739.9166666666667,1,0.9375
long_cue,R_1OVnUIQoDvuoLoa,1030.25,1473.8660714285716,1,0.9375
long_cue,R_1OkOyQCupky29ws,784.9404761904761,773.5625,0.9375,0.875
long_cue,R_1PXVhaM73VwX7i7,443.375,463.3125,1,1
long_cue,R_1PemspRhIIq93Jq,1577.7857142857142,1634.8,1,0.875
long_cue,R_1QDSGYxg9iGBQ1N,1142.982142857143,1133.375,0.9375,1
long_cue,R_1XqCDwzg1i2Esxj,1015.375,1443.0833333333333,1,0.875
long_cue,R_1cUmxE0nB0eQ5tx,1024.875,1064.0625,1,1
long_cue,R_1cUnP5PoHL3kGw8,1126.875,1184.4285714285713,1,0.875
long_cue,R_1cZYqPuI2ovCe8d,611.0208333333333,1403.5714285714284,0.875,1
long_cue,R_1eK9C4dUWMG5UoE,555.9375,625.5625,1,1
long_cue,R_1erta2V92H4drrE,1214.5714285714284,1746.875,0.9375,0.625
long_cue,R_1ex76BKICzdLpi3,864.125,1125.1875,1,1
long_cue,R_1flJVVkbxzk1i5c,525.625,754.8125,1,1
long_cue,R_1g6KjG4gA3vEJF7,1093.607142857143,920.75,0.9375,1
long_cue,R_1gHKNsWNE1ugMUa,1132,1378.5625,1,0.875
long_cue,R_1hzkst2wvP8JIH4,750.0625,630.0833333333333,1,0.875
long_cue,R_1imoeufCHjjazMW,716.875,777.1875,1,1
long_cue,R_1jCgwQdSLoXJHUV,1418.8125,1114,1,1
long_cue,R_1jDKVL7IiGl9Yg2,1359.0535714285716,1416.9166666666665,1,0.8125
long_cue,R_1jE8xih7Lg9IirX,476.25,505.86607142857144,1,0.9375
long_cue,R_1jH3pdKIvdSHNIY,663.75,754.9910714285714,0.9375,0.9375
long_cue,R_1jrzi2l761541zF,657.125,742.7857142857142,1,0.875
long_cue,R_1lzzukvJq3atYiQ,652.875,626.75,1,0.75
long_cue,R_1mC4cBupoC4tHV4,732.375,856.625,1,1
long_cue,R_1mIULYprIrOv92G,578.0625,737.4553571428571,1,0.9375
long_cue,R_1mmFOe3uknXraci,1142.9375,1395.8333333333333,1,0.9375
long_cue,R_1nOO1BGaTXG8VNZ,1217.5625,986.9017857142858,0.9375,0.9375
long_cue,R_1nOQ0qbgqQcSRz6,848.875,879.375,1,1
long_cue,R_1pMrEEZMbPml0WU,663.6428571428571,761.0625,0.9375,1
long_cue,R_1pukYYnbpsfMrZv,716.4553571428571,690.75,1,1
long_cue,R_1qXpoOypYbjTRWl,1654.0714285714287,1874.6666666666665,1,1
long_cue,R_1rla5wg2eJeofgU,718.625,665.3125,0.9375,1
long_cue,R_1rvojTzRtsDhwWZ,448.3125,561.9375,1,1
long_cue,R_20Mv4w5vYeNCTls,780.0089285714286,897.25,0.9375,1
long_cue,R_23TwjQv7jVMZAHh,1502.1517857142858,1510.3125,0.9375,1
long_cue,R_24HieJfWwUqqVSw,1293.7857142857142,1077.4285714285716,0.9375,0.75
long_cue,R_24jTtLg98nGv99c,665.375,568.75,1,1
long_cue,R_25BzCJwLFrqdpOi,1569,2602,0.5,0.4375
long_cue,R_27EkFokF3zDCAFg,666.9375,786.8392857142858,1,0.9375
long_cue,R_27HkygMlXuzFDss,1237.2232142857142,1355.1875,1,0.875
long_cue,R_28B8ByTcmPbYYBi,902.1875,817.1875,1,1
long_cue,R_290a4seCfd02VPe,805.375,853.3125,1,1
long_cue,R_29buJYsXisup2Mb,1625.9142857142856,1804.4,0.9375,0.75
long_cue,R_2AZHWSSUZ7gAeVu,1689.5,1704.3,1,0.9375
long_cue,R_2BnRYuqRU9MgxDH,889.4553571428571,889.5625,0.9375,1
long_cue,R_2BtIrCsNLg3M5Hv,1026.6517857142858,1129.732142857143,0.9375,0.9375
long_cue,R_2CDt4ymTrZ6kFn0,1924.607142857143,2147.479166666667,0.9375,0.9375
long_cue,R_2P1NXSwrNBPPbSy,1320.875,1312.267857142857,1,0.9375
long_cue,R_2P5OftLBu8Xnm63,685.5625,800.5357142857142,1,1
long_cue,R_2QggTeu9uNjR2Kz,1467.3571428571427,1745.6160714285716,0.9375,1
long_cue,R_2Qn8nKQlmurWj6x,1314.017857142857,1422.75,0.75,0.75
long_cue,R_2R81qJfBkmFANkJ,959.0833333333333,1437.6607142857142,0.875,0.9375
long_cue,R_2TvjCe31vsmiZgF,729.5625,894.5714285714286,1,0.875
long_cue,R_2UYj6qVJqb6JhXS,836.0446428571429,917.7619047619048,1,0.8125
long_cue,R_2Y5SgzE2hzm4IzP,1367,1229.8809523809523,1,0.8125
long_cue,R_2aDYCLDeHnDcoTK,659.5625,725.2053571428571,1,0.9375
long_cue,R_2c6m9mRMP3vRtxF,819.125,1199.044642857143,1,0.9375
long_cue,R_2cc7FPRMpuGx2CV,485.7053571428571,822.6517857142858,0.9375,0.9375
long_cue,R_2cnGgIRvbYUU2JM,948.9375,1053.25,1,1
long_cue,R_2cvhE0HTQ1JO49j,1434.75,1142.7857142857142,1,0.9375
long_cue,R_2dYKuSke1t2VOfa,645.75,685.6875,1,1
long_cue,R_2f6VCNeHmcSqTrE,666.1875,551.7142857142857,1,0.875
long_cue,R_2fD1bJjW95gw3LB,1163.1666666666665,945.375,1,1
long_cue,R_2pJiC30bA23mBP9,838.25,976.1875,1,1
long_cue,R_2qxGC4cTbe7xhyS,575.7142857142858,741.5625,0.9375,1
long_cue,R_2rVd3Udq0Naa4tm,990.25,813.3392857142858,1,0.9375
long_cue,R_2s5BrOZwyfMmXNT,812.2232142857142,994.3303571428571,0.9375,0.9375
long_cue,R_2sZwXaQWcDrXX4J,592.4375,644.1875,1,1
long_cue,R_2saKX0rCpQMSpWC,811.9375,705.5,1,1
long_cue,R_2t2RITW5Msrt0v1,709.875,1065.6875,1,0.9375
long_cue,R_2t8PKxoTop4myWX,942.5625,1210.5535714285716,1,1
long_cue,R_2tzNr5GcFWibgNj,1046.642857142857,1222.7857142857142,0.875,0.9375
long_cue,R_2uEyL6gg252E1VJ,888.0089285714286,945.1160714285714,1,0.9375
long_cue,R_2uPd3IAgL1aElYJ,678,729,1,0.625
long_cue,R_2uaROXK2JM6R5KN,583.1875,777.9375,1,1
long_cue,R_2v1EkCyV15Ok7D5,555.6875,655.0625,1,1
long_cue,R_2v6M4LykwnHQpey,675.5,730.75,1,1
long_cue,R_2wgkGKCmXhgbs6f,689.6666666666667,913.0625,0.8125,1
long_cue,R_2whKJfx0Nt043dd,476.5625,497.9375,1,1
long_cue,R_2xIZjV9sIl4RF6P,1109.5535714285716,1205.5,0.9375,1
long_cue,R_2xxfsrIN77B2IyP,1491.2142857142858,1766.1041666666665,0.9375,1
long_cue,R_2zMG3pjpYVG6q9D,1439.5833333333333,1710.0714285714284,0.9375,1
long_cue,R_2zZOxm6mvhN3djv,486.375,565.3125,1,1
long_cue,R_31HQAyCP0raT1FV,483.1875,538.6964285714286,1,0.9375
long_cue,R_32Ph5gf2egyE3BQ,841.875,981.25,0.9375,1
long_cue,R_32SfLOnCsAkGpkr,713.9375,953.9285714285713,1,0.875
long_cue,R_389Zio7QxIjX2Gl,1596.4375,1482.625,1,0.9375
long_cue,R_3CE2psUILAye8Gw,1681.1041666666665,1545.0535714285716,1,1
long_cue,R_3CQ5KT4CZBYWAlC,613.375,771.4196428571429,1,0.9375
long_cue,R_3EnIpSKfpoFxj4q,1113.5625,1678.9666666666667,0.875,0.8125
long_cue,R_3F4Nuu63mcg282m,1287.1142857142856,1213.5208333333335,0.875,0.9375
long_cue,R_3I6Ku341O3voRKF,1444.3125,1642.2380952380952,1,0.875
long_cue,R_3IawjgtbqJ8vZS1,695.9375,899.6875,1,1
long_cue,R_3IbLExNViiL7Wmj,1961,1239.7666666666667,0.75,0.8125
long_cue,R_3J5dZzQpHZlbptE,1070.2857142857142,1339.5,0.9375,0.625
long_cue,R_3J7WamqLp1arSYg,834.0625,902.875,1,0.9375
long_cue,R_3J8imcd2CT8E7nV,731.9375,973.4642857142857,1,1
long_cue,R_3JKuKZTaXlZlS9L,1017.6666666666667,1106.0125,0.875,1
long_cue,R_3JepjzwRIn4QNMa,1179.2142857142858,1618.8333333333335,0.875,0.9375
long_cue,R_3L0GKcwhfD3ONGp,644.5625,818.1875,1,1
long_cue,R_3L8bKSLPWWYQbb1,955.125,998,1,1
long_cue,R_3LYmXrQqAEkquZp,656.9375,988.702380952381,1,0.875
long_cue,R_3MrsBALpPMDdc4K,1809.125,1676.75,0.9375,0.9375
long_cue,R_3MsZ1FtrecdI6Bk,1018.9375,957.25,1,1
long_cue,R_3NLrAGnHeCcusnN,925.0892857142858,1155.544642857143,0.9375,1
long_cue,R_3OijgTkqK3N1vDR,829.5,1288.6517857142858,1,1
long_cue,R_3PH8KwGY7M572k7,1243.452380952381,1163.2410714285716,0.8125,1
long_cue,R_3PHnuh1NwQxBUke,776.3125,1049.875,1,1
long_cue,R_3PUkBY8ioPt2QHk,836.25,882.0625,1,1
long_cue,R_3PhNSDcozSxV4x6,552.875,487.25892857142856,1,0.9375
long_cue,R_3PoF0xbH4zPk6H9,839.6696428571429,872.125,1,1
long_cue,R_3R2V7o3AKvD3riN,1127.857142857143,1043.5,0.9375,1
long_cue,R_3dG1KAXAFwYYSNa,1196.455357142857,1310.2857142857142,0.9375,0.875
long_cue,R_3dYB6FtZaYKmnQI,798.5625,736.5,0.9375,1
long_cue,R_3ekQwKF3mgu5b6t,668.8928571428571,619.0982142857142,0.9375,0.9375
long_cue,R_3emJvrH8C0R8XAf,1106.5625,994.2708333333333,1,0.875
long_cue,R_3fekyhJ51vsHhVz,654.875,671.9642857142858,1,0.9375
long_cue,R_3huTrvGn33dOCmD,1297.7714285714287,1161.6607142857142,0.8125,0.9375
long_cue,R_3hxsgJPCQz6ODRf,1291.455357142857,1338.1964285714284,0.9375,0.6875
long_cue,R_3iUBe2A2sqTNxe6,692.0714285714286,484.91964285714283,0.9375,0.9375
long_cue,R_3isy7djZDjX51Zy,1566.6875,1087.1458333333335,1,1
long_cue,R_3lA2P9y5IuW1K16,593.8958333333333,609.3625,0.875,0.8125
long_cue,R_3lQSewC3zD0cqPm,517.0625,603.4196428571429,1,0.9375
long_cue,R_3lW8WmUtn8ktnqb,1820.3125,1862.3875,1,1
long_cue,R_3m29EB99jBC3eYM,723.2857142857142,745.5,0.9375,0.9375
long_cue,R_3mfrYYubAvKcVXD,684,758.6875,1,1
long_cue,R_3nTN2on5k76PSqy,735.1696428571429,830.5,0.9375,1
long_cue,R_3ni4oB2dXSyqVt5,721.7767857142858,647.9642857142858,0.9375,0.9375
long_cue,R_3nuRnyn8F7V1zzY,1299,1632,0.9375,0.375
long_cue,R_3nvCR77A2gIXUnU,817.25,924.0714285714287,1,0.875
long_cue,R_3plRloA3DMCWRlm,744.4285714285714,807.2142857142858,0.875,0.875
long_cue,R_3qE9UFs34ohzB4u,873.0535714285714,983.0625,0.9375,1
long_cue,R_3qIGvV1gBPeGAF3,699.8125,1066.625,1,1
long_cue,R_3qqgOHNsjhwxEbU,830.8125,955.875,1,1
long_cue,R_3r1hJN0OmOW9eWt,1148.125,1084.7142857142858,0.9375,0.875
long_cue,R_3r2uzs1xxGdN7Xt,1607.580357142857,1612.4,0.9375,0.75
long_cue,R_3sgjFLFAcfatVu1,881.25,884.8333333333333,1,0.875
long_cue,R_3snnTFxEmMWchE3,1216.6875,1365.607142857143,1,0.9375
long_cue,R_4HGqzV1TmoKnmRb,935.6875,1546.142857142857,1,0.875
long_cue,R_4UcujUnUkeMAjcd,1282.625,1172.75,1,0.9375
long_cue,R_5AccJZEMv9dA7ZL,1509.1458333333335,1812.919642857143,0.9375,1
long_cue,R_5Bl0sD2ma6kOenD,2024.1517857142858,1911.482142857143,0.9375,1
long_cue,R_6QoG7SGfNSA5MY1,1516.0714285714284,1274.9910714285716,0.875,0.9375
long_cue,R_78aLaJZ9ov7E4z7,1255.3690476190477,1182.1309523809523,0.9375,0.875
long_cue,R_7QYLh7Cv4ho9ne9,871.875,926.4375,1,1
long_cue,R_8039DfpRFz4mdlD,880.0625,1147.857142857143,0.9375,0.875
long_cue,R_81zsKze4hKiO3Ch,662.4375,723.75,1,0.75
long_cue,R_821ywZ3Ur7opgmR,1380.4375,1686.7857142857142,1,0.9375
long_cue,R_8qYu2CCKRBiPBjb,1011.0625,902,1,1
long_cue,R_AhqftoXBoaz9xId,987.1517857142857,1316.75,1,1
long_cue,R_BEpHnJisiwxS1z3,1697.5267857142858,1576.7142857142858,0.9375,0.875
long_cue,R_BV2jiQRnLfyGBYl,770.0625,907.4375,1,1
long_cue,R_Cjijzqk1J6xkLdf,783.4375,746.375,1,1
long_cue,R_DcbIYJJOl9NfnSV,454.1875,848.4285714285714,1,0.75
long_cue,R_O0WT1fmWD73IgCZ,942.4375,1216.7916666666665,1,0.9375
long_cue,R_Ope2sXA3sL6z35T,805.0625,729.125,1,1
long_cue,R_PA36VyjszG9W9gt,1350.2916666666665,1004.8333333333333,0.875,0.75
long_cue,R_PYUFtJ6v69P19WF,794.75,795.3839285714286,1,0.9375
long_cue,R_Q3QAyLhzVGkm1hL,1087.1964285714284,997.5119047619048,0.9375,0.9375
long_cue,R_UA47gf9TzaRpJ0B,1284.3482142857142,1396.4375,0.9375,1
long_cue,R_UnfbYQPONiXwHgB,1295.0892857142858,1062.0625,0.9375,1
long_cue,R_VPabY1AJYIyCZPz,1194.3482142857142,1225.2410714285716,0.9375,0.9375
long_cue,R_W8LdRMuNzFlfzfX,588,598.9375,1,1
long_cue,R_WfBh84bVieh94u5,987.9821428571429,1509.2285714285713,0.9375,0.75
long_cue,R_Y050be3d1qTgt21,745.5714285714286,972.4375,0.9375,1
long_cue,R_aXyHoAyLu9CDc4N,839.8571428571429,1104.8125,0.875,0.8125
long_cue,R_bJ8LN8hW9Wr5SFj,573.375,595.6875,1,1
long_cue,R_bj5pW4Iu3tLbUnT,2394.416666666667,2144.875,1,0.9375
long_cue,R_d6C5372Rri91D57,1171.6875,1456.875,1,1
long_cue,R_dh9Z16ZeR9OmSJj,625.5625,737,1,1
long_cue,R_dm7E2sdo1YUjT3z,467.0625,432.5625,1,1
long_cue,R_dmY5Tc0WANqnPs5,1196.6190476190477,1479.25,0.8125,1
long_cue,R_eJrfTYcTp9qL7ix,719.5625,984.1875,1,1
long_cue,R_eai96tm4PUo2JmF,843.0803571428571,802.375,0.9375,1
long_cue,R_eyNfgTiSRXT8Xi9,1227.705357142857,1058.7857142857142,0.9375,0.9375
long_cue,R_pufazghR2YH4Vqx,1108.5625,1149.3392857142858,0.875,0.9375
long_cue,R_r25ZrJt80L0xZ5v,971.4375,1032.267857142857,1,0.9375
long_cue,R_sZRf0Q5e9LGW9gJ,2288.4375,2332.125,1,1
long_cue,R_tLqTSkDsUZvWP4t,761.375,798.625,1,0.9375
long_cue,R_tQjTkAdN6h1rHHP,752.3125,867.5089285714286,1,0.9375
long_cue,R_vcofmMoT48YgqGd,1061.4375,1297.4464285714284,1,0.9375
long_cue,R_vdAXj8lKTQiuvLj,1697.8,2116.7,0.9375,1
long_cue,R_vl7yAhjMq73ut4l,931.5416666666667,1008.4732142857142,0.9375,1
long_cue,R_xfUcAaPbjk0g6Jz,699.75,768.0625,1,1
long_cue,R_yPWGGeD3XC6CB0t,740.5,863.6607142857142,0.9375,0.9375
long_cue,R_ykzlIRPd0KX2ZW1,1041,1002.0625,1,1
long_cue,R_ypQ4ZCs1p2l24eJ,762,926.2946428571429,1,0.9375
short_cue,R_1240oKwSUYFSJUY,563.5625,675.375,1,1
short_cue,R_125qGAPsEKNgCik,835.452380952381,1234.825,0.875,0.875
short_cue,R_1BYsxPc3DVzRRdc,1174.125,1208.6904761904761,1,0.8125
short_cue,R_1C4075atnBURXV9,717.7321428571429,596.9375,0.9375,1
short_cue,R_1Ca7oDDfGUuqpD2,906.1517857142858,1020.9285714285713,0.9375,0.875
short_cue,R_1DUQTsUdLXCAotg,785.9910714285714,688.7232142857142,0.9375,0.9375
short_cue,R_1Ed18J86Ydnz5JK,1180.9583333333335,968.9375,0.875,0.75
short_cue,R_1F3O1RwVVn1ANjS,1149.642857142857,669.3660714285714,0.9375,0.9375
short_cue,R_1FQy7LAFBlt3sbw,1022.4196428571429,1127.8541666666665,0.9375,0.875
short_cue,R_1FkyCxrQzCKlVM3,954.2857142857142,969.6785714285714,0.875,0.9375
short_cue,R_1FlZaoI26lrL1xW,801.2291666666667,602.8125,0.875,0.9375
short_cue,R_1FzvTdctlBl6mau,989.2291666666666,1173.5,0.875,0.875
short_cue,R_1GEw2ntVr6WT5FY,544.875,803.0625,1,0.9375
short_cue,R_1H5WiYRCLXLoMr6,945.5,875.8125,1,1
short_cue,R_1IagvrDfWeu1SzI,1197.705357142857,815.1696428571429,0.9375,0.9375
short_cue,R_1K2LTDdSTkk0CkO,847.8125,713.9625,0.875,0.8125
short_cue,R_1KkDDjZQonL8jXf,1224.1875,1398.55,0.9375,0.8125
short_cue,R_1Nex25Z07JEPqPT,900.9642857142858,842.25,1,1
short_cue,R_1OE6gsnJdCYDJNp,1309.6904761904761,1236.5666666666666,0.875,0.8125
short_cue,R_1OJJIMbAOHmEsc6,729,578.1071428571429,0.875,0.9375
short_cue,R_1Oy5gti2oOMkrmx,1283.7857142857142,999.0625,0.9375,1
short_cue,R_1Q0nnQSbpfMIzl8,2021.9583333333333,1714.345238095238,0.75,0.8125
short_cue,R_1QcQ8lM8sMgbe9Z,597.6875,770.625,1,1
short_cue,R_1QhHQgn3oncjPVH,648.9375,588.1875,1,1
short_cue,R_1fd9g37kVcLlQon,839.1517857142858,771.6785714285714,0.9375,0.9375
short_cue,R_1fjeMABd9YtFdM2,976.5625,872.5857142857143,1,0.75
short_cue,R_1gGFiI9dwPgNWnF,653.7261904761905,816,0.8125,1
short_cue,R_1gTnf5neAjKhFhT,1241.0666666666666,1058.857142857143,0.625,0.9375
short_cue,R_1hKL5I25Q84xW4U,2242.5833333333335,2220.75,0.8125,1
short_cue,R_1hXp8VCud7SMiKb,654.3660714285714,837.8035714285714,0.9375,0.9375
short_cue,R_1iffR2ZzRyikKgD,806.8452380952381,616.7410714285714,0.875,0.9375
short_cue,R_1jrMskfuP7Mrr9S,453.44642857142856,613.1071428571429,0.9375,0.9375
short_cue,R_1lo8TnSLVLCPrMI,1037.8125,1001.8571428571429,0.9375,0.75
short_cue,R_1oAMtAsotlpba75,791,566.0625,1,1
short_cue,R_1oBEFfxegvaFxqs,816.3571428571429,976.3125,0.9375,1
short_cue,R_1onlnd0PSlmh0kP,958.5892857142857,1512.1607142857142,1,0.9375
short_cue,R_1pJPjmN0ZA5yTy2,1840.955357142857,1390.25,0.9375,0.875
short_cue,R_1ptx896QKfU4151,1009.2142857142857,921.5714285714286,0.75,0.9375
short_cue,R_1r9CI6AFSBMawII,680.1458333333333,1048.1857142857143,0.875,0.75
short_cue,R_2107Kbqwjw5sjVi,513.375,718.5625,1,1
short_cue,R_21A0Opwy47DGP0D,632.8660714285714,829.9375,0.9375,1
short_cue,R_21ixygMv7kGQldy,649.75,901.5267857142858,1,0.9375
short_cue,R_232mnWKrVorZxtV,1222.357142857143,1454.0267857142858,0.9375,0.9375
short_cue,R_23UGi46yIwlgRIg,736.1696428571429,634.6071428571429,0.9375,0.9375
short_cue,R_23V6KyyFTKNSfr0,1161.4625,1002.3035714285714,0.9375,0.9375
short_cue,R_24MjDzYaj8vSl2F,1018.125,1180,1,0.875
short_cue,R_24f2Xj2zVejGVvr,631.6160714285714,659.625,0.9375,1
short_cue,R_26aTxals5ya98Bn,689.9285714285714,761,0.875,0.875
short_cue,R_27I2lMBC4C9HqXh,711.6428571428571,774.6875,0.875,1
short_cue,R_27IKiFTRUeouja1,1111.5,1422.9375,0.8,0.8125
short_cue,R_27TjhkHUtsmEKXv,1302.8333333333335,1302.357142857143,0.75,0.9375
short_cue,R_29buiFpEHzEyviM,703.9375,435,1,1
short_cue,R_2AGbTgxStxS8OK7,835.3214285714286,854.8125,0.9375,1
short_cue,R_2ASEGOsJ8SHSVr5,1116.982142857143,958.75,0.9375,1
short_cue,R_2Bu63NcF98ifXiE,739.9375,635.5267857142858,1,0.9375
short_cue,R_2CTk31LB5KSXTUK,422.9375,654.375,1,1
short_cue,R_2D5fuTu0fyLlRoG,770,685.375,0.9375,1
short_cue,R_2DRKnOvAi7cEOEe,471,608.4553571428571,1,1
short_cue,R_2EAwGG7T8u9elvy,502.2857142857143,481.0625,0.9375,1
short_cue,R_2EGbNncbkrLeOBn,882.9166666666667,1335.5,0.8125,0.8125
short_cue,R_2PutYEFsewiz88m,1421.0625,1245.357142857143,1,0.75
short_cue,R_2PzXxMCgeJjWWLk,652.6875,946.1428571428571,1,0.875
short_cue,R_2RPRywAKJIJoXwq,704.5625,908.6428571428571,1,0.9375
short_cue,R_2TOewpP52D1ZcQi,735.9553571428571,609.4375,0.9375,1
short_cue,R_2TvIpggb40wzcMj,691.952380952381,595.8125,0.8125,0.875
short_cue,R_2UWLzuZCkACVgCP,943.25,1123.5892857142858,1,0.9375
short_cue,R_2Ugx54Yz1N7CJ36,506.4375,695.3035714285714,1,0.9375
short_cue,R_2VBBNsozbzxpfT9,583.9910714285714,674.1428571428571,0.9375,0.9375
short_cue,R_2Vx6MwTvzph2nt3,597.1875,892.8333333333333,1,0.875
short_cue,R_2bHPDYy6X92e2YW,825.25,616.3482142857142,1,0.9375
short_cue,R_2cubeyiZDy5kcWK,863.0714285714286,865.2,0.9375,0.9375
short_cue,R_2dH0HFAfxeETPyV,868.1875,753.75,0.9375,0.9375
short_cue,R_2diq2w8gEnf5L8z,730.8660714285714,618.6160714285714,0.9375,0.9375
short_cue,R_2e2xTrAELL35qnU,906.1428571428571,962.1607142857143,0.9375,0.9375
short_cue,R_2fBULLTffGRBWLb,1128.1875,1144.4285714285716,0.9375,0.75
short_cue,R_2fesTAMA2X5bx5T,466.75,510,1,1
short_cue,R_2fvMbaH7XgyVyCF,1107.142857142857,1277.5125,0.9375,0.875
short_cue,R_2q9ip8BsXKWy3tB,921.3166666666666,1142.2619047619048,0.9375,0.875
short_cue,R_2qCYwbcshBGMWl9,739.375,798.0357142857142,0.875,0.8125
short_cue,R_2sSBN4IUEWRzEHE,1476.4833333333333,1313.0208333333335,0.8125,0.875
short_cue,R_2t3eKQMwJ13cTxu,809.8541666666667,983.2142857142858,0.875,0.875
short_cue,R_2t5VMWadJZXwhol,770.7767857142858,967.5,0.9375,0.6875
short_cue,R_2tKElLKJ2RzYeOL,1105.2083333333335,1176.75,0.875,1
short_cue,R_2uZFhWaBfnO4ECU,1395.0714285714287,1202.767857142857,0.9375,1
short_cue,R_2w5NkTjpk5sIZmL,703.4583333333333,576.875,0.875,1
short_cue,R_2z5D2HPnn3XvNKK,1188.7666666666667,810,0.875,0.5857142857142856
short_cue,R_2z5xbqVjjSIyJdo,916.375,1411.3125,1,1
short_cue,R_2zAzUdW0VLW47Ua,619.9107142857142,641.3571428571429,0.9375,0.875
short_cue,R_2zOyxhAfuZbfaqm,1406.1875,1558.2261904761904,1,0.875
short_cue,R_302H874OqnSbmug,977.5833333333333,746.6875,0.75,1
short_cue,R_3061vbhI41l7m5V,934.3428571428572,787.875,0.75,1
short_cue,R_31zRT6XRWDLt6XR,864.2946428571429,928.0982142857142,0.9375,0.9375
short_cue,R_325E8Zcstn7PYYf,934.6166666666667,924.8125,0.8125,0.8125
short_cue,R_32X7zIltyrBl2XJ,1218.1666666666665,1031.142857142857,0.8125,0.875
short_cue,R_33gvmuPR94pwSQR,1194.419642857143,1323.5428571428572,0.9375,0.8125
short_cue,R_33wriurPRqAICJQ,797.4375,1110.1607142857142,1,0.9375
short_cue,R_3CH6GYzeXMmQ3BR,656.1428571428571,830.1607142857142,0.875,0.9375
short_cue,R_3E9zqUUokucmyvi,1041.9375,1239.1666666666665,0.75,0.875
short_cue,R_3EXNIE6ibfayydJ,547.5625,487.8125,1,1
short_cue,R_3F54OWKljGjDYun,591.9107142857142,597.625,0.9375,0.9375
short_cue,R_3G3aqKAxalampJB,555.0714285714286,519.25,0.875,1
short_cue,R_3GfEE0tSJtpYpDK,842,935.1339285714286,1,0.9375
short_cue,R_3GrJEh3BPMqoUIE,937.8095238095239,808.8333333333333,0.9375,0.75
short_cue,R_3GwicDp1Qe1fIYu,1071.8839285714284,862.625,0.9375,1
short_cue,R_3Hov1y7dOtcDZlE,1388.267857142857,1090.3,0.9375,0.6875
short_cue,R_3Ht3R1VCyo41bf7,635.5833333333334,822.95,0.875,0.6875
short_cue,R_3Hzu7sZLBROTBKI,1146.357142857143,913.4375,0.9375,1
short_cue,R_3Ic5XcXj3i1cbFL,623.125,618.047619047619,0.9375,0.8125
short_cue,R_3JCQVowq4SWDWhO,556.8125,595.5,1,0.875
short_cue,R_3JCuHa99Y2UioVU,1148.732142857143,1511.232142857143,0.9375,0.9375
short_cue,R_3KxCDvIBCFGJlB2,641.0625,783,1,0.875
short_cue,R_3M5rXHlsQsfCfZ1,1029.1875,876.3125,1,1
short_cue,R_3NDueluChz5YLcK,869.952380952381,1262.142857142857,0.8125,0.875
short_cue,R_3NJrbvniVjhQgVe,1559.5,1291.45,1,0.8125
short_cue,R_3NUHxGL0DDAFsRc,1510.9583333333335,1087.9285714285716,0.875,0.9375
short_cue,R_3NV3o9ELxm8q0OB,596.25,625.5,1,1
short_cue,R_3PzqcG3ePjyMVoQ,1119.2285714285713,730.5625,0.875,1
short_cue,R_3Rl6FSFxxA5e8ma,1183.580357142857,877.75,0.9375,1
short_cue,R_3Rl6VEWOBQmKqU6,618.5625,778,1,0.875
short_cue,R_3RmwoIz93sstbuX,706.75,961.0357142857142,1,0.8125
short_cue,R_3Vm6NBKASkpNULn,1849.8285714285716,1230.0535714285716,0.8125,0.9375
short_cue,R_3dYRf1LJJY5sNDQ,564,721.975,1,0.8125
short_cue,R_3dYYZ1eB57mzvcP,751.5357142857142,620.9375,0.9375,1
short_cue,R_3fIafKngtt8LCdv,727.625,764.8303571428571,1,0.9375
short_cue,R_3fftJphDI5wp8jD,1270.2857142857142,885.5,0.875,1
short_cue,R_3gMLdLQylpAUOCz,728.9107142857142,655.9285714285714,0.9375,0.9375
short_cue,R_3gSdxynZBUsA24l,919.75,950.375,1,1
short_cue,R_3iFr8MpMy69byrN,1200.8125,1151.1875,1,1
short_cue,R_3j0uBCOqMwUzlCW,1078.7589285714284,976.9464285714286,0.9375,0.9375
short_cue,R_3j9ApP6uO0ORpcw,804.125,705.0625,1,1
short_cue,R_3jAe4d8aowHEK53,1789.9464285714284,1250.7291666666665,0.9375,0.875
short_cue,R_3jSRUtmlwcSos3T,515.375,457.125,1,1
short_cue,R_3jZIGhpufmzSmRG,1637.6875,1683.042857142857,1,0.75
short_cue,R_3kANJhWZWQZHHzt,1209.357142857143,1376.6309523809523,0.9375,0.9375
short_cue,R_3kAQUBQH7gOE6L4,751.0416666666667,811.4166666666667,1,0.75
short_cue,R_3koHaaGXSWbfZCH,636.25,764.4375,0.9375,1
short_cue,R_3kq4Tx7qydJo7oB,1212.3125,1739.2261904761904,1,0.875
short_cue,R_3lQ7ThL8ft9I4Xd,852.2410714285714,576.25,0.9375,1
short_cue,R_3lQY2j5LMIXXK4u,596.7738095238095,749.7291666666667,0.875,0.875
short_cue,R_3lxHPjKjHR4VSZX,1085,935.4583333333333,0.8125,0.875
short_cue,R_3nGjakNTDKLeUI5,1337.2142857142858,1195.6964285714284,0.875,0.9375
short_cue,R_3nj6domOVc1jJjN,1018.4285714285714,1277.125,0.8125,0.9375
short_cue,R_3paGJTFEkF29ztH,520.4375,575.5833333333333,1,0.8125
short_cue,R_3peQmhVVM6LZ8Rq,1108.297619047619,999.125,0.8125,0.5
short_cue,R_3qU5FwC4OCJ7aqk,536.1071428571429,593.625,0.8125,1
short_cue,R_3svpurCda9KfwHp,877.6696428571429,773.9017857142858,1,0.9375
short_cue,R_4MlrIKWtWMynXgJ,805.6607142857142,721.3482142857142,0.9375,0.9375
short_cue,R_4V0pQt6VgkQw0lb,1061.9375,992.0833333333333,1,0.75
short_cue,R_5zD75iREBKTihMt,675.5625,840.1875,1,1
short_cue,R_6AkMGcTw5XpOoSd,1365.9375,1310.669642857143,1,0.9375
short_cue,R_87dG0u6RSBe8bpD,561.625,500.44642857142856,0.9375,0.9375
short_cue,R_88lRNtWC8jzcvPr,622.4375,887.3571428571429,1,0.9375
short_cue,R_9SIq53ZIw0UeCMp,702.8541666666667,893.6428571428571,0.875,0.9375
short_cue,R_9ZV7VYa4WgGSoPT,443.8125,460.6875,1,1
short_cue,R_AFYcy8WqCbGhYSB,684.5982142857142,916.3125,0.9375,1
short_cue,R_ClZZ8iH4ih5ZuSd,1697.2142857142858,1718.1,0.9375,0.875
short_cue,R_O0SCTkaxAB7vjA5,908.8303571428571,988.55,0.9375,0.8125
short_cue,R_OBikbvVJp5ZcCOt,775.4375,948.9761904761905,1,0.8125
short_cue,R_OPCfSDjGV5SHORr,762.1875,620.5625,1,1
short_cue,R_OjUO1JZhl881Wdr,637.4791666666667,594.2589285714286,0.875,0.9375
short_cue,R_OkxFT8Yi5pR6dsB,1061.8958333333333,956.9107142857142,0.875,0.6875
short_cue,R_PIpINaW6xp0qDD3,662.2321428571429,584.4375,0.9375,1
short_cue,R_PSSk558zgwsdfq1,1265.5714285714284,954.5714285714286,0.8125,0.9375
short_cue,R_Pwhzf2X9FTJWwcp,528.5803571428571,650.0714285714286,0.9375,0.875
short_cue,R_QoG98GIXlyTTQCB,784.4732142857142,700.6666666666667,0.9375,0.875
short_cue,R_R838SwdXuvvg13j,914.4375,835.5625,1,1
short_cue,R_RPRRh5b9RJjsLWF,2276.5,2417.6666666666665,0.9375,0.9375
short_cue,R_RxCmnVP4h0M2Iet,965.25,995.5,0.625,0.9375
short_cue,R_SUAv0Djpf96vXsB,947.7857142857142,1075.8214285714284,0.9375,0.875
short_cue,R_TjDuFk15r39Xrqh,703.8571428571429,651.4017857142858,0.75,0.9375
short_cue,R_VO1OFG6TLIlFTbj,1331.330357142857,961.1875,0.9375,1
short_cue,R_Y3NmOCLnLbfmdRT,613.5714285714286,680.6607142857142,0.875,0.9375
short_cue,R_Z9PxP0CExYG8397,489.875,557.2142857142858,1,0.75
short_cue,R_ZahaFNCfOgy05xL,1173.2142857142858,1103.0089285714284,0.875,0.9375
short_cue,R_ZaxZDyOScZVjzz3,914.9791666666667,987.3392857142857,0.875,0.6875
short_cue,R_a8Keqoc6RqZXPj3,1407.5,845.5,0.4375,0.5
short_cue,R_b1xBevGuDlgE5mp,627.8125,714.7410714285714,1,0.9375
short_cue,R_bxcuLDEvGbOnKHT,1669.6666666666665,1382.2,0.75,0.5
short_cue,R_dfYxqvX4G98rUXL,900.8571428571429,563.8809523809524,0.9375,0.8125
short_cue,R_eKdyzfVrqfswb1n,1516.625,1597.2142857142858,1,0.875
short_cue,R_esMmOCJbTcEsIq5,1030.892857142857,781.2291666666667,0.875,0.875
short_cue,R_pEoe2uY6YbOw3aF,493.7738095238095,438.74107142857144,0.8125,0.9375
short_cue,R_pK7U209871YpYIN,1492.5,1633.642857142857,1,0.75
short_cue,R_pT8XhCOwudJrdq9,793,774.3125,0.875,1
short_cue,R_pngU1YVfrXpM6m5,481.61607142857144,604.5,0.9375,1
short_cue,R_qL4FaXWkk1AqEmt,2290.625,1361.3333333333333,0.875,0.6875
short_cue,R_rcHQpWAv7AbsluV,750.5,800.875,0.875,1
short_cue,R_rkiqrtdH01X2Uz7,1037.202380952381,842.5625,0.8125,1
short_cue,R_rpa23bPTMqxRuy5,1140.482142857143,1306.9761904761904,0.9375,0.875
short_cue,R_szedVFAI7mc8uqt,578.5803571428571,595.8125,1,1
short_cue,R_u220n4MBxTrGIqB,1070,785.625,1,1
short_cue,R_uk7jLfoyyvrie5P,682.7232142857142,734.725,0.9375,0.875
short_cue,R_uk8lyne8BTwZWx3,651.4375,554.25,0.9375,1
short_cue,R_vMGeXCE2A7fFihP,1016.0357142857142,1197.042857142857,0.9375,0.9375
short_cue,R_vcRLjOIJganFB5L,883.25,649.95,1,0.8125
short_cue,R_vf2rDe2loSzFI4h,1564.669642857143,1837.8035714285716,1,0.9375
short_cue,R_voSsFXEsEVlpeMx,984.8839285714286,1285.5,0.9375,1
short_cue,R_xaQjSryVetgbxMR,1265.5,1305.2857142857142,0.9375,0.9375
short_cue,R_xiuZL8oQedG2nrb,741.5,572.9821428571429,1,0.9375
short_cue,R_yPWVvpu60ycQ8P7,975.9833333333333,844.7857142857142,0.75,0.875
short_cue,R_ykWwfg34VBujl0B,967.5446428571429,821.875,0.9375,1
short_cue,R_z0je8cRGh1eQ8Rb,847.125,621.0357142857142,1,0.9375
short_cue,R_zZ3GrNWCcyKf98B,917.0625,859.75,0.9375,1
