[
    {
        "name": "Subject",
        "label": "Participant's ID",
        "item_text": "Defined by experimental program",
        "value_label": null,
        "missings": null,
        "measure": null
    },
    {
        "name": "List",
        "label": "Stimuli list",
        "item_text": "combinations of sentences and pictures",
        "value_label": [
            {
                "name": "1",
                "label": "list 1"
            },
            {
                "name": "2",
                "label": "list 2"
            },
            {
                "name": "3",
                "label": "list 3"
            },
            {
                "name": "4",
                "label": "list 4"
            }
        ],
        "missings": null,
        "measure": null
    },
    {
        "name": "FirstorSecond",
        "label": "position of color sentence ",
        "item_text": null,
        "value_label": [
            {
                "name": "1",
                "label": "first sentence is color sentence"
            },
            {
                "name": "2",
                "label": "second sentence is color sentence"
            }
        ],
        "missings": [
            {
                "name": "NA",
                "label": "Lack of manipulation"
            }
        ],
        "measure": null
    },
    {
        "name": "Experiment",
        "label": "experiment sequence",
        "item_text": null,
        "value_label": [
            {
                "name": "1",
                "label": "Experiment 1"
            },
            {
                "name": "2",
                "label": "Experiment 2"
            },
            {
                "name": "3",
                "label": "Experiment 3"
            }
        ],
        "missings": null,
        "measure": null
    },
    {
        "name": "Sentence",
        "label": "probe sentence",
        "item_text": null,
        "value_label": [
            {
                "name": "Color",
                "label": "Sentence refers to object color"
            },
            {
                "name": "Gray",
                "label": "Sentence does not refer to object color"
            }
        ],
        "missings": null,
        "measure": null
    },
    {
        "name": "Picture",
        "label": "target picture",
        "item_text": null,
        "value_label": [
            {
                "name": "Color",
                "label": "colored object picture"
            },
            {
                "name": "Gray",
                "label": "blank object picture"
            }
        ],
        "missings": null,
        "measure": null
    },
    {
        "name": "Accuracy",
        "label": "average accuracy",
        "item_text": null,
        "value_label": null,
        "missings": null,
        "measure": "Average accuracy"
    },
    {
        "name": "RT",
        "label": "avearage response time",
        "item_text": null,
        "value_label": null,
        "missings": null,
        "measure": "Average response time"
    }
]