{
    "basic": {
        "title": "Data management of Hoeben Mannaert et al. (2021)",
        "description": "This is an example document in use of the public data from Hoeben Mannaert et al. (2021)\r\n\r\nPreregistered plans and materials are embedded in this document.",
        "related_publications": [
            "Hoeben Mannaert, L. N., Dijkstra, K., & Zwaan, R. A. (2021). Is color continuously activated in mental simulations across a broader discourse context? Memory & Cognition, 49(1), 127–147. https:\/\/doi.org\/10.3758\/s13421-020-01078-6"
        ],
        "creators": [
            {
                "given_name": "Sau-Chin",
                "family_name": "Chen",
                "email": "pmsp96@gmail.com",
                "orcid": "0000-0001-6092-6049",
                "affiliation": "Tzu-Chi University, Taiwan",
                "roles": [
                    "Resources"
                ]
            }
        ]
    },
    "theory": {
        "objective": "We will reproduce the effect size from the exploratory analysis.",
        "hypothesis": "Quoted from original preregistered plans: \r\nExp 1 & 2 ~ Do representations of color fade over time pre-registration.docx \r\nExp 3 ~ Do representations of color fade over time pre-registration EXP 3.docx \r\n \r\nStudy 1\r\n1. “When the sentence does contain a reference to color, there will be a significant difference between color and gray pictures. ”\r\n2. “When the sentence does not contain a reference to color, there will be no significant difference between color and gray pictures.”\r\n\r\nStudy 2\r\n1. “We expect that the sentence items containing a reference to color in the final sentence will lead to participants responding significantly faster to pictures shown in color compared to those shown in grayscale.”\r\n2. “In sentence items where the first sentence refers to a color and the final does not, we expect to have a non-significant difference in reaction times between colored pictures and grayscale pictures, as the color may be less activated in the mental representation. ”\r\n\r\nStudy 3\r\n1. \"We expect to find a significant match advantage, meaning that participants will respond faster when the picture matches the color mentioned in the sentence, compared to when the picture does not match (i.e., is shown in grayscale).\"\r\n2. \" we expect there will be no significant difference between the sentence condition, as we believe that the even if the color is not explicitly referred to in the final sentence, that the mere mention of the object will reactivate the color in the mental simulation.\""
    },
    "method": {
        "research_design": "Experimental",
        "experimental_details": "Random assignment",
        "setting": "Artificial setting",
        "setting_location": null,
        "manipulations": "Final sentences mentioned object color or nothing.\r\nTarget picture was color or grayscale.",
        "experimental_design": "Repeated measures \/ within-subjects design",
        "control_operations": "Complete counterbalancing (all possible orders)",
        "other_control_operations": null
    },
    "measure": {
        "measures": [
            "Average accuracy",
            "Average response time"
        ],
        "apparatus": [
            "E-Prime 2.0 Professional, desktop computers\r\n\r\nEmbedded the experimental script if it is available."
        ]
    },
    "sample": {
        "participants": "Dutch undergraduates.",
        "inclusion_criteria": [
            "No particular inclusion criteria."
        ],
        "exclusion_criteria": [
            "No particular exclusion criteria."
        ],
        "population": [
            "Native Dutch speakers"
        ],
        "sampling_method": "Random sampling (probability sampling)",
        "other_sampling_method": null,
        "sample_size": "Study 1: 95\r\nStudy 2: 97\r\nStudy 3: 96",
        "power_analysis": "Exp 1 & 2 ~ Do representations of color fade over time pre-registration.docx \r\nExp 3 ~ Do representations of color fade over time pre-registration EXP 3.docx \r\n\r\n\r\n\"A power analysis was done using the results of Experiment 1 from Hoeben Mannaert, Dijkstra, and Zwaan (2017), which used a similar paradigm to test whether color is represented in mental simulations. With an effect size of f  = 0.13, it was calculated that a minimum of 82 participants would be required to find an effect if there is one (α = 0.05, power = .80). To ensure our study has sufficient power, 100 participants will be recruited to ensure that possible exclusions do not lead to an underpowered study.\""
    },
    "datasets": [
        {
            "original_name": "data_long.csv",
            "original_mimetype": "text\/plain",
            "uploaded": "2022-07-06T02:21:08+00:00",
            "original_size": 35173,
            "description": null
        }
    ],
    "material": [
        {
            "original_name": "Do representations of color fade over time pre-registration EXP 3.docx",
            "original_mimetype": "application\/vnd.openxmlformats-officedocument.wordprocessingml.document",
            "uploaded": "2022-06-30T07:36:38+00:00",
            "original_size": 20608,
            "description": "Preregistered plan of study 3"
        },
        {
            "original_name": "Do representations of color fade over time pre-registration.docx",
            "original_mimetype": "application\/vnd.openxmlformats-officedocument.wordprocessingml.document",
            "uploaded": "2022-06-30T07:36:38+00:00",
            "original_size": 20882,
            "description": "Preregistered plan of study 1 & 2"
        },
        {
            "original_name": "Counterbalancing lists red bike experiment 3 FINAL.xlsx",
            "original_mimetype": "application\/vnd.openxmlformats-officedocument.spreadsheetml.sheet",
            "uploaded": "2022-06-30T07:36:41+00:00",
            "original_size": 45629,
            "description": "stimuli list of study 3"
        },
        {
            "original_name": "Counterbalancing lists red bike experiment.xlsx",
            "original_mimetype": "application\/vnd.openxmlformats-officedocument.spreadsheetml.sheet",
            "uploaded": "2022-06-30T07:36:41+00:00",
            "original_size": 39393,
            "description": "stimuli list of study 1 & 2"
        }
    ]
}