PPnr,task,acc_conj,acc_sing,RT_conj,RT_sing
R_08x3yfNtCFtgBYl,no_gap,0.9375,1,1.8731,1.8747142857142858
R_0OmSAzFURsT3hND,no_gap,0.9375,1,0.7316666666666667,1.16675
R_10ZPMCCzcV8FG6A,no_gap,1,1,0.98975,0.9740625
R_1240oKwSUYFSJUY,gap,1,1,0.5635625,0.675375
R_125qGAPsEKNgCik,gap,0.875,0.875,0.8354615384615385,1.1599230769230768
R_12s68Ligswec1t3,no_gap,0.9375,1,0.5322,0.5889375
R_1BPAkPhD282eIwa,no_gap,1,1,0.8415625,0.93425
R_1BYsxPc3DVzRRdc,gap,1,0.8125,1.174125,1.2096153846153845
R_1C4075atnBURXV9,gap,0.9375,1,0.7093333333333334,0.5969375
R_1Ca7oDDfGUuqpD2,gap,0.9375,0.875,0.9056,1.0209285714285714
R_1CDQa7qsN9RNzFH,no_gap,1,1,1.1323750000000001,1.2970625
R_1CJcSTbRoTUCqgI,no_gap,1,0.875,1.0527333333333333,1.145142857142857
R_1cUmxE0nB0eQ5tx,no_gap,1,1,1.024875,1.0640625
R_1cUnP5PoHL3kGw8,no_gap,1,0.875,1.126875,1.1844285714285714
R_1cZYqPuI2ovCe8d,no_gap,0.875,1,0.6171428571428571,1.4035714285714285
R_1DuNzuDT2Ly6aYo,no_gap,1,1,1.0346875,1.0225
R_1DUQTsUdLXCAotg,gap,0.9375,0.9375,0.7812666666666667,0.6898
R_1Ed18J86Ydnz5JK,gap,0.875,0.75,1.1475714285714287,0.8865833333333334
R_1Ej3yOyXSRu4rHj,no_gap,0.9375,1,0.4666666666666667,0.6075625
R_1eK9C4dUWMG5UoE,no_gap,1,1,0.5559375,0.6255625
R_1erta2V92H4drrE,no_gap,0.9375,0.625,1.2070769230769232,1.6655
R_1ex76BKICzdLpi3,no_gap,1,1,0.864125,1.1251875
R_1F3O1RwVVn1ANjS,gap,0.9375,0.9375,1.1496428571428572,0.6716666666666666
R_1fd9g37kVcLlQon,gap,0.9375,0.9375,0.8410666666666666,0.7754
R_1fjeMABd9YtFdM2,gap,1,0.75,0.9765625,0.8734166666666666
R_1FkyCxrQzCKlVM3,gap,0.875,0.9375,0.9542857142857143,0.9732666666666667
R_1flJVVkbxzk1i5c,no_gap,1,1,0.525625,0.7548125
R_1FlZaoI26lrL1xW,gap,0.875,0.9375,0.8207857142857143,0.6007333333333333
R_1FQy7LAFBlt3sbw,gap,0.9375,0.875,1.02,1.1357142857142857
R_1FzvTdctlBl6mau,gap,0.875,0.875,0.9829285714285715,1.1965714285714286
R_1g6KjG4gA3vEJF7,no_gap,0.9375,1,1.0826666666666667,0.92075
R_1GEw2ntVr6WT5FY,gap,1,0.9375,0.544875,0.8156666666666667
R_1gGFiI9dwPgNWnF,gap,0.8125,1,0.6539230769230769,0.816
R_1gHKNsWNE1ugMUa,no_gap,1,0.875,1.1320000000000001,1.3854285714285715
R_1gTnf5neAjKhFhT,gap,0.625,0.9375,1.215,1.0472
R_1H5WiYRCLXLoMr6,gap,1,1,0.9455,0.8758125
R_1hKL5I25Q84xW4U,gap,0.8125,1,2.113375,2.2495
R_1HkLtKPGeWEXFwg,no_gap,1,1,0.828375,1.0916875
R_1HpZbLVjg7CUvTk,no_gap,0.9375,0.8125,0.938,1.0214545454545454
R_1hXp8VCud7SMiKb,gap,0.9375,0.9375,0.6538666666666667,0.8409333333333333
R_1hzkst2wvP8JIH4,no_gap,1,0.875,0.7500625,0.6325
R_1IagvrDfWeu1SzI,gap,0.9375,0.9375,1.212,0.8180666666666667
R_1iffR2ZzRyikKgD,gap,0.875,0.9375,0.8048461538461539,0.6132
R_1IfTVw1P9JXGPqL,no_gap,1,1,0.8785,0.8143125
R_1imoeufCHjjazMW,no_gap,1,1,0.716875,0.7771875
R_1IR8kofj9wFWdIF,no_gap,1,0.9375,1.308375,1.4099230769230768
R_1ISOn43feC1HgrC,no_gap,0.875,0.9375,1.164,1.0603333333333333
R_1IXVr7a4rbLclDy,no_gap,1,0.875,1.285923076923077,1.3553846153846154
R_1jCgwQdSLoXJHUV,no_gap,1,1,1.4188125,1.1139999999999999
R_1jDKVL7IiGl9Yg2,no_gap,1,0.8125,1.3641333333333332,1.4169166666666666
R_1jE8xih7Lg9IirX,no_gap,1,0.9375,0.47625,0.5036
R_1jH3pdKIvdSHNIY,no_gap,0.9375,0.9375,0.6684666666666667,0.7566666666666666
R_1jrMskfuP7Mrr9S,gap,0.9375,0.9375,0.45126666666666665,0.6156
R_1jrzi2l761541zF,no_gap,1,0.875,0.657125,0.7427857142857143
R_1K2LTDdSTkk0CkO,gap,0.875,0.8125,0.8498571428571429,0.7163076923076923
R_1K3eLYRF0WM0F1x,no_gap,1,1,1.2169375,1.6300625
R_1K6KGucq5uhaFzv,no_gap,1,0.9375,1.6626875,1.3996153846153847
R_1K71a7Ou0dd9RDl,no_gap,0.9375,1,0.9446,1.1913125
R_1KkDDjZQonL8jXf,gap,0.9375,0.8125,1.2279285714285715,1.434076923076923
R_1KqDdYqdsxJyWIf,no_gap,1,0.9375,0.6929375,0.7940666666666667
R_1lo8TnSLVLCPrMI,gap,0.9375,0.75,1.0387333333333333,0.988
R_1LXmTvk5iLuGEaA,no_gap,1,0.9375,0.671625,0.7442857142857143
R_1lzzukvJq3atYiQ,no_gap,1,0.75,0.652875,0.62675
R_1mC4cBupoC4tHV4,no_gap,1,1,0.732375,0.856625
R_1mIULYprIrOv92G,no_gap,1,0.9375,0.5780625,0.7370666666666666
R_1mmFOe3uknXraci,no_gap,1,0.9375,1.1429375,1.4265
R_1Nex25Z07JEPqPT,gap,1,1,0.8942,0.84225
R_1nOO1BGaTXG8VNZ,no_gap,0.9375,0.9375,1.172,0.9991333333333333
R_1nOQ0qbgqQcSRz6,no_gap,1,1,0.848875,0.879375
R_1oAMtAsotlpba75,gap,1,1,0.791,0.5660625
R_1oBEFfxegvaFxqs,gap,0.9375,1,0.8256666666666667,0.9763125
R_1OE6gsnJdCYDJNp,gap,0.875,0.8125,1.328,1.2520909090909091
R_1OJJIMbAOHmEsc6,gap,0.875,0.9375,0.729,0.5775333333333333
R_1OkOyQCupky29ws,no_gap,0.9375,0.875,0.7742307692307693,0.7580714285714286
R_1onlnd0PSlmh0kP,gap,1,0.9375,0.9491333333333334,1.4951999999999999
R_1OVnUIQoDvuoLoa,no_gap,1,0.9375,1.03025,1.4696
R_1Oy5gti2oOMkrmx,gap,0.9375,1,1.2837857142857143,0.9990625
R_1PemspRhIIq93Jq,no_gap,1,0.875,1.5777857142857143,1.6394545454545455
R_1pJPjmN0ZA5yTy2,gap,0.9375,0.875,1.8288,1.3749285714285715
R_1pMrEEZMbPml0WU,no_gap,0.9375,1,0.6672666666666667,0.7610625
R_1ptx896QKfU4151,gap,0.75,0.9375,1.0369166666666667,0.9259999999999999
R_1pukYYnbpsfMrZv,no_gap,1,1,0.7168666666666667,0.69075
R_1PXVhaM73VwX7i7,no_gap,1,1,0.443375,0.4633125
R_1Q0nnQSbpfMIzl8,gap,0.75,0.8125,2.0564999999999998,1.7184615384615385
R_1QcQ8lM8sMgbe9Z,gap,1,1,0.5976875,0.770625
R_1QDSGYxg9iGBQ1N,no_gap,0.9375,1,1.1480666666666668,1.133375
R_1QhHQgn3oncjPVH,gap,1,1,0.6489375,0.5881875
R_1qXpoOypYbjTRWl,no_gap,1,1,1.626,1.8746666666666667
R_1r9CI6AFSBMawII,gap,0.875,0.75,0.6795,1.0444166666666668
R_1rla5wg2eJeofgU,no_gap,0.9375,1,0.719,0.6653125
R_1rvojTzRtsDhwWZ,no_gap,1,1,0.4483125,0.5619375
R_1XqCDwzg1i2Esxj,no_gap,1,0.875,1.015375,1.4430833333333333
R_20Mv4w5vYeNCTls,no_gap,0.9375,1,0.7815333333333333,0.89725
R_2107Kbqwjw5sjVi,gap,1,1,0.513375,0.7185625
R_21A0Opwy47DGP0D,gap,0.9375,1,0.635,0.8299375
R_21ixygMv7kGQldy,gap,1,0.9375,0.64975,0.9134666666666666
R_232mnWKrVorZxtV,gap,0.9375,0.9375,1.222357142857143,1.4580666666666666
R_23TwjQv7jVMZAHh,no_gap,0.9375,1,1.4996666666666667,1.5103125
R_23UGi46yIwlgRIg,gap,0.9375,0.9375,0.7356666666666667,0.6338
R_23V6KyyFTKNSfr0,gap,0.9375,0.9375,1.1738461538461538,1.0132666666666668
R_24f2Xj2zVejGVvr,gap,0.9375,1,0.6326666666666667,0.659625
R_24HieJfWwUqqVSw,no_gap,0.9375,0.75,1.2937857142857143,1.0743333333333334
R_24jTtLg98nGv99c,no_gap,1,1,0.665375,0.56875
R_24MjDzYaj8vSl2F,gap,1,0.875,1.018125,1.18
R_25BzCJwLFrqdpOi,no_gap,0.6666666666666666,0.4375,1.569,2.602
R_26aTxals5ya98Bn,gap,0.875,0.875,0.6899285714285714,0.761
R_27EkFokF3zDCAFg,no_gap,1,0.9375,0.6669375,0.7851333333333333
R_27HkygMlXuzFDss,no_gap,1,0.875,1.2276,1.3875714285714285
R_27I2lMBC4C9HqXh,gap,0.875,1,0.7116428571428571,0.7746875
R_27IKiFTRUeouja1,gap,0.8,0.8125,1.1115,1.394076923076923
R_27TjhkHUtsmEKXv,gap,0.75,0.9375,1.3028333333333333,1.3144
R_28B8ByTcmPbYYBi,no_gap,1,1,0.9021875,0.8171875
R_290a4seCfd02VPe,no_gap,1,1,0.805375,0.8533125
R_29buiFpEHzEyviM,gap,1,1,0.7039375,0.435
R_29buJYsXisup2Mb,no_gap,0.9375,0.75,1.556,1.8217142857142856
R_2aDYCLDeHnDcoTK,no_gap,1,0.9375,0.6595625,0.7253333333333334
R_2AGbTgxStxS8OK7,gap,0.9375,1,0.8359333333333333,0.8548125
R_2ASEGOsJ8SHSVr5,gap,0.9375,1,1.1227333333333334,0.95875
R_2AZHWSSUZ7gAeVu,no_gap,1,0.9375,1.6895,1.639846153846154
R_2bHPDYy6X92e2YW,gap,1,0.9375,0.82525,0.6145333333333334
R_2BnRYuqRU9MgxDH,no_gap,0.9375,1,0.8864,0.8895625
R_2BtIrCsNLg3M5Hv,no_gap,0.9375,0.9375,1.0243333333333333,1.1335333333333333
R_2Bu63NcF98ifXiE,gap,1,0.9375,0.7399375,0.6339333333333333
R_2c6m9mRMP3vRtxF,no_gap,1,0.9375,0.819125,1.1824666666666668
R_2cc7FPRMpuGx2CV,no_gap,0.9375,0.9375,0.4875333333333333,0.8108
R_2CDt4ymTrZ6kFn0,no_gap,0.9375,0.9375,1.9103846153846153,2.1465
R_2cnGgIRvbYUU2JM,no_gap,1,1,0.9489375,1.05325
R_2CTk31LB5KSXTUK,gap,1,1,0.4229375,0.654375
R_2cubeyiZDy5kcWK,gap,0.9375,0.9375,0.8703846153846154,0.8578333333333333
R_2cvhE0HTQ1JO49j,no_gap,1,0.9375,1.444,1.1427857142857143
R_2D5fuTu0fyLlRoG,gap,0.9375,1,0.7668666666666667,0.685375
R_2dH0HFAfxeETPyV,gap,0.9375,0.9375,0.8706,0.7516666666666667
R_2diq2w8gEnf5L8z,gap,0.9375,0.9375,0.7295333333333334,0.6208666666666667
R_2DRKnOvAi7cEOEe,gap,1,1,0.47100000000000003,0.5959333333333333
R_2dYKuSke1t2VOfa,no_gap,1,1,0.64575,0.6856875
R_2e2xTrAELL35qnU,gap,0.9375,0.9375,0.8964666666666666,0.9506
R_2EAwGG7T8u9elvy,gap,0.9375,1,0.5056666666666667,0.4810625
R_2EGbNncbkrLeOBn,gap,0.8125,0.8125,0.8829166666666667,1.3355
R_2f6VCNeHmcSqTrE,no_gap,1,0.875,0.6661875,0.5517142857142857
R_2fBULLTffGRBWLb,gap,0.9375,0.75,1.1258666666666666,1.1246666666666667
R_2fD1bJjW95gw3LB,no_gap,1,1,1.148642857142857,0.945375
R_2fesTAMA2X5bx5T,gap,1,1,0.46675,0.51
R_2fvMbaH7XgyVyCF,gap,0.9375,0.875,1.1054,1.2920769230769231
R_2P1NXSwrNBPPbSy,no_gap,1,0.9375,1.320875,1.3163333333333334
R_2P5OftLBu8Xnm63,no_gap,1,1,0.6855625,0.8003333333333333
R_2pJiC30bA23mBP9,no_gap,1,1,0.83825,0.9761875
R_2PutYEFsewiz88m,gap,1,0.75,1.4210625000000001,1.2415833333333333
R_2PzXxMCgeJjWWLk,gap,1,0.875,0.6526875,0.9461428571428572
R_2q9ip8BsXKWy3tB,gap,0.9375,0.875,0.9169999999999999,1.1399230769230768
R_2qCYwbcshBGMWl9,gap,0.875,0.8125,0.7415714285714285,0.7797692307692308
R_2QggTeu9uNjR2Kz,no_gap,0.9375,1,1.4673571428571428,1.7274666666666667
R_2Qn8nKQlmurWj6x,no_gap,0.75,0.75,1.3258181818181818,1.584625
R_2qxGC4cTbe7xhyS,no_gap,0.9375,1,0.5758,0.7415625
R_2R81qJfBkmFANkJ,no_gap,0.875,0.9375,0.9746428571428571,1.4322666666666666
R_2RPRywAKJIJoXwq,gap,1,0.9375,0.7045625,0.9086428571428572
R_2rVd3Udq0Naa4tm,no_gap,1,0.9375,0.99025,0.8082666666666667
R_2s5BrOZwyfMmXNT,no_gap,0.9375,0.9375,0.8083333333333333,0.9958
R_2saKX0rCpQMSpWC,no_gap,1,1,0.8119375,0.7055
R_2sSBN4IUEWRzEHE,gap,0.8125,0.875,1.4731818181818181,1.3037857142857143
R_2sZwXaQWcDrXX4J,no_gap,1,1,0.5924375,0.6441875
R_2t2RITW5Msrt0v1,no_gap,1,0.9375,0.709875,1.0635333333333332
R_2t3eKQMwJ13cTxu,gap,0.875,0.875,0.813,0.9832142857142857
R_2t5VMWadJZXwhol,gap,0.9375,0.6875,0.7638666666666667,1.049625
R_2t8PKxoTop4myWX,no_gap,1,1,0.9425625,1.2133333333333334
R_2tKElLKJ2RzYeOL,gap,0.875,1,1.111,1.17675
R_2TOewpP52D1ZcQi,gap,0.9375,1,0.7277333333333333,0.6094375
R_2TvIpggb40wzcMj,gap,0.8125,0.875,0.6746153846153846,0.5932307692307692
R_2TvjCe31vsmiZgF,no_gap,1,0.875,0.7295625,0.8945714285714286
R_2tzNr5GcFWibgNj,no_gap,0.875,0.9375,1.0466428571428572,1.2227857142857144
R_2uaROXK2JM6R5KN,no_gap,1,1,0.5831875,0.7779375
R_2uEyL6gg252E1VJ,no_gap,1,0.9375,0.8946666666666667,0.9550666666666667
R_2Ugx54Yz1N7CJ36,gap,1,0.9375,0.5064375,0.7026
R_2uPd3IAgL1aElYJ,no_gap,1,0.625,0.678,0.7295555555555555
R_2UWLzuZCkACVgCP,gap,1,0.9375,0.94325,1.113
R_2UYj6qVJqb6JhXS,no_gap,1,0.8125,0.8407333333333333,0.9203846153846154
R_2uZFhWaBfnO4ECU,gap,0.9375,1,1.3950714285714285,1.2048666666666668
R_2v1EkCyV15Ok7D5,no_gap,1,1,0.5556875,0.6550625
R_2v6M4LykwnHQpey,no_gap,1,1,0.6755,0.73075
R_2VBBNsozbzxpfT9,gap,0.9375,0.9375,0.5822666666666667,0.6724666666666667
R_2Vx6MwTvzph2nt3,gap,1,0.875,0.5971875,0.9100714285714285
R_2w5NkTjpk5sIZmL,gap,0.875,1,0.6887142857142857,0.576875
R_2wgkGKCmXhgbs6f,no_gap,0.8125,1,0.6873076923076923,0.9130625
R_2whKJfx0Nt043dd,no_gap,1,1,0.4765625,0.49793750000000003
R_2xIZjV9sIl4RF6P,no_gap,0.9375,1,1.1122666666666667,1.2055
R_2xxfsrIN77B2IyP,no_gap,0.9375,1,1.5076,1.7920714285714285
R_2Y5SgzE2hzm4IzP,no_gap,1,0.8125,1.367,1.2363076923076923
R_2z5D2HPnn3XvNKK,gap,0.875,0.5833333333333334,1.1891818181818181,0.81
R_2z5xbqVjjSIyJdo,gap,1,1,0.916375,1.4113125
R_2zAzUdW0VLW47Ua,gap,0.9375,0.875,0.6307333333333334,0.6413571428571428
R_2zMG3pjpYVG6q9D,no_gap,0.9375,1,1.4395833333333332,1.7100714285714287
R_2zOyxhAfuZbfaqm,gap,1,0.875,1.4061875,1.5493846153846154
R_2zZOxm6mvhN3djv,no_gap,1,1,0.486375,0.5653125
R_302H874OqnSbmug,gap,0.75,1,0.9775833333333334,0.7466875
R_3061vbhI41l7m5V,gap,0.75,1,0.9403333333333334,0.787875
R_31HQAyCP0raT1FV,no_gap,1,0.9375,0.4831875,0.5395333333333333
R_31zRT6XRWDLt6XR,gap,0.9375,0.9375,0.871,0.9325333333333333
R_325E8Zcstn7PYYf,gap,0.8125,0.8125,0.9318181818181818,0.8945384615384615
R_32Ph5gf2egyE3BQ,no_gap,0.9375,1,0.8502666666666666,0.9812500000000001
R_32SfLOnCsAkGpkr,no_gap,1,0.875,0.7139375,0.9539285714285715
R_32X7zIltyrBl2XJ,gap,0.8125,0.875,1.2166923076923077,1.0311428571428571
R_33gvmuPR94pwSQR,gap,0.9375,0.8125,1.2012666666666667,1.2673333333333332
R_33wriurPRqAICJQ,gap,1,0.9375,0.7974375,1.0955333333333332
R_389Zio7QxIjX2Gl,no_gap,1,0.9375,1.5964375,1.4741428571428572
R_3CE2psUILAye8Gw,no_gap,1,1,1.7158571428571427,1.5463333333333333
R_3CH6GYzeXMmQ3BR,gap,0.875,0.9375,0.6561428571428571,0.8308
R_3CQ5KT4CZBYWAlC,no_gap,1,0.9375,0.613375,0.7712
R_3dG1KAXAFwYYSNa,no_gap,0.9375,0.875,1.2047333333333334,1.3102857142857143
R_3dYB6FtZaYKmnQI,no_gap,0.9375,1,0.7957333333333333,0.7365
R_3dYRf1LJJY5sNDQ,gap,1,0.8125,0.564,0.7422307692307692
R_3dYYZ1eB57mzvcP,gap,0.9375,1,0.7670666666666667,0.6209375
R_3E9zqUUokucmyvi,gap,0.75,0.875,1.0273333333333334,1.2462142857142857
R_3ekQwKF3mgu5b6t,no_gap,0.9375,0.9375,0.6768,0.6140666666666666
R_3emJvrH8C0R8XAf,no_gap,1,0.875,1.1065625000000001,1.0262857142857142
R_3EnIpSKfpoFxj4q,no_gap,0.875,0.8125,1.1281428571428571,1.6930909090909092
R_3EXNIE6ibfayydJ,gap,1,1,0.5475625,0.4878125
R_3F4Nuu63mcg282m,no_gap,0.875,0.9375,1.3075,1.2066428571428571
R_3F54OWKljGjDYun,gap,0.9375,0.9375,0.5929333333333333,0.5998666666666667
R_3fekyhJ51vsHhVz,no_gap,1,0.9375,0.654875,0.6706
R_3fftJphDI5wp8jD,gap,0.875,1,1.2702857142857142,0.8855
R_3fIafKngtt8LCdv,gap,1,0.9375,0.727625,0.7632
R_3G3aqKAxalampJB,gap,0.875,1,0.5550714285714285,0.51925
R_3GfEE0tSJtpYpDK,gap,1,0.9375,0.842,0.9359999999999999
R_3gMLdLQylpAUOCz,gap,0.9375,0.9375,0.7232,0.6552666666666667
R_3GrJEh3BPMqoUIE,gap,0.9375,0.75,0.9350769230769231,0.8088333333333333
R_3gSdxynZBUsA24l,gap,1,1,0.91975,0.950375
R_3GwicDp1Qe1fIYu,gap,0.9375,1,1.0913333333333333,0.862625
R_3Hov1y7dOtcDZlE,gap,0.9375,0.6875,1.3906,1.108
R_3Ht3R1VCyo41bf7,gap,0.9,0.6875,0.641,0.8102727272727273
R_3huTrvGn33dOCmD,no_gap,0.8125,0.9375,1.2896666666666667,1.1672666666666667
R_3hxsgJPCQz6ODRf,no_gap,0.9375,0.6875,1.2804,1.3267272727272728
R_3Hzu7sZLBROTBKI,gap,0.9375,1,1.1463571428571429,0.9134375
R_3I6Ku341O3voRKF,no_gap,1,0.875,1.4443124999999999,1.6474615384615385
R_3IawjgtbqJ8vZS1,no_gap,1,1,0.6959375,0.8996875
R_3IbLExNViiL7Wmj,no_gap,0.6666666666666666,0.8125,1.9609999999999999,1.2163636363636363
R_3Ic5XcXj3i1cbFL,gap,0.9375,0.8125,0.6301333333333333,0.6144615384615384
R_3iFr8MpMy69byrN,gap,1,1,1.2008125,1.1511875
R_3isy7djZDjX51Zy,no_gap,1,1,1.5666875,1.077357142857143
R_3iUBe2A2sqTNxe6,no_gap,0.9375,0.9375,0.7006666666666667,0.4818
R_3j0uBCOqMwUzlCW,gap,0.9375,0.9375,1.0971333333333333,0.9675333333333334
R_3J5dZzQpHZlbptE,no_gap,0.9375,0.625,1.0702857142857143,1.3395
R_3J7WamqLp1arSYg,no_gap,1,0.9375,0.8340625,0.906
R_3J8imcd2CT8E7nV,no_gap,1,1,0.7319375,0.9696
R_3j9ApP6uO0ORpcw,gap,1,1,0.804125,0.7050625
R_3jAe4d8aowHEK53,gap,0.9375,0.875,1.7958666666666667,1.2425
R_3JCQVowq4SWDWhO,gap,1,0.875,0.5568125,0.5955
R_3JCuHa99Y2UioVU,gap,0.9375,0.9375,1.1684,1.5107333333333333
R_3JepjzwRIn4QNMa,no_gap,0.875,0.9375,1.1792142857142858,1.6188333333333333
R_3JKuKZTaXlZlS9L,no_gap,0.875,1,1.0270000000000001,1.1428461538461538
R_3jSRUtmlwcSos3T,gap,1,1,0.515375,0.457125
R_3jZIGhpufmzSmRG,gap,1,0.75,1.6324666666666667,1.7124166666666667
R_3kANJhWZWQZHHzt,gap,0.9375,0.9375,1.2024666666666666,1.3836923076923078
R_3kAQUBQH7gOE6L4,gap,1,0.75,0.7651428571428571,0.8135454545454546
R_3koHaaGXSWbfZCH,gap,0.9375,1,0.6331333333333333,0.7644375
R_3kq4Tx7qydJo7oB,gap,1,0.875,1.2123125,1.7176923076923076
R_3KxCDvIBCFGJlB2,gap,1,0.875,0.6410625,0.783
R_3L0GKcwhfD3ONGp,no_gap,1,1,0.6445625,0.8181875
R_3L8bKSLPWWYQbb1,no_gap,1,1,0.955125,0.998
R_3lA2P9y5IuW1K16,no_gap,0.875,0.8125,0.5948571428571429,0.5959230769230769
R_3lQ7ThL8ft9I4Xd,gap,0.9375,1,0.8590666666666666,0.57625
R_3lQSewC3zD0cqPm,no_gap,1,0.9375,0.5170625,0.6112
R_3lQY2j5LMIXXK4u,gap,0.875,0.875,0.6029230769230769,0.758
R_3lW8WmUtn8ktnqb,no_gap,1,1,1.831,1.8831538461538462
R_3lxHPjKjHR4VSZX,gap,0.8125,0.875,1.0821538461538462,0.9328571428571428
R_3LYmXrQqAEkquZp,no_gap,1,0.875,0.6569375000000001,1.0102307692307693
R_3m29EB99jBC3eYM,no_gap,0.9375,0.9375,0.7141333333333333,0.7500666666666667
R_3M5rXHlsQsfCfZ1,gap,1,1,1.0291875,0.8763125
R_3mfrYYubAvKcVXD,no_gap,1,1,0.684,0.7586875
R_3MrsBALpPMDdc4K,no_gap,0.9375,0.9375,1.8162857142857143,1.6349090909090909
R_3MsZ1FtrecdI6Bk,no_gap,1,1,1.0189375,0.95725
R_3NDueluChz5YLcK,gap,0.8125,0.875,0.8664615384615384,1.262142857142857
R_3nGjakNTDKLeUI5,gap,0.875,0.9375,1.3372142857142857,1.191
R_3ni4oB2dXSyqVt5,no_gap,0.9375,0.9375,0.7162,0.652
R_3nj6domOVc1jJjN,gap,0.8125,0.9375,1.0253076923076923,1.2802666666666667
R_3NJrbvniVjhQgVe,gap,1,0.8125,1.5595,1.2824444444444445
R_3NLrAGnHeCcusnN,no_gap,0.9375,1,0.9202,1.1538666666666666
R_3nTN2on5k76PSqy,no_gap,0.9375,1,0.7338,0.8305
R_3NUHxGL0DDAFsRc,gap,0.875,0.9375,1.5057857142857143,1.0879285714285714
R_3nuRnyn8F7V1zzY,no_gap,0.9375,0.375,1.2749333333333333,1.6320000000000001
R_3NV3o9ELxm8q0OB,gap,1,1,0.5962500000000001,0.6255
R_3nvCR77A2gIXUnU,no_gap,1,0.875,0.81725,0.9240714285714285
R_3OijgTkqK3N1vDR,no_gap,1,1,0.8295,1.2838666666666667
R_3paGJTFEkF29ztH,gap,1,0.8125,0.5204375,0.579076923076923
R_3peQmhVVM6LZ8Rq,gap,0.8125,0.5,1.1174615384615385,0.999125
R_3PH8KwGY7M572k7,no_gap,0.8125,1,1.2272307692307693,1.1604
R_3PhNSDcozSxV4x6,no_gap,1,0.9375,0.552875,0.4852
R_3PHnuh1NwQxBUke,no_gap,1,1,0.7763125,1.0498750000000001
R_3plRloA3DMCWRlm,no_gap,0.875,0.875,0.7444285714285714,0.8072142857142858
R_3PoF0xbH4zPk6H9,no_gap,1,1,0.8452666666666666,0.872125
R_3PUkBY8ioPt2QHk,no_gap,1,1,0.83625,0.8820625
R_3PzqcG3ePjyMVoQ,gap,0.875,1,1.0953333333333333,0.7305625
R_3qE9UFs34ohzB4u,no_gap,0.9375,1,0.8787333333333334,0.9830625
R_3qIGvV1gBPeGAF3,no_gap,1,1,0.6998125,1.066625
R_3qqgOHNsjhwxEbU,no_gap,1,1,0.8308125,0.955875
R_3qU5FwC4OCJ7aqk,gap,0.8125,1,0.5336923076923077,0.593625
R_3r1hJN0OmOW9eWt,no_gap,0.9375,0.875,1.1321333333333332,1.0847142857142857
R_3r2uzs1xxGdN7Xt,no_gap,0.9375,0.75,1.6046,1.6503333333333332
R_3R2V7o3AKvD3riN,no_gap,0.9375,1,1.1332,1.0435
R_3Rl6FSFxxA5e8ma,gap,0.9375,1,1.1928666666666667,0.87775
R_3Rl6VEWOBQmKqU6,gap,1,0.875,0.6185625,0.7852142857142858
R_3RmwoIz93sstbuX,gap,1,0.8125,0.70675,0.9524615384615385
R_3sgjFLFAcfatVu1,no_gap,1,0.875,0.88125,0.8818571428571429
R_3snnTFxEmMWchE3,no_gap,1,0.9375,1.2166875,1.3656666666666666
R_3svpurCda9KfwHp,gap,1,0.9375,0.88,0.7616
R_3Vm6NBKASkpNULn,gap,0.8125,0.9375,1.7925,1.224
R_4HGqzV1TmoKnmRb,no_gap,1,0.875,0.9356875,1.519923076923077
R_4MlrIKWtWMynXgJ,gap,0.9375,0.9375,0.8052666666666667,0.7158
R_4UcujUnUkeMAjcd,no_gap,1,0.9375,1.282625,1.165
R_4V0pQt6VgkQw0lb,gap,1,0.75,1.0619375,0.9920833333333333
R_5AccJZEMv9dA7ZL,no_gap,0.9375,1,1.4814285714285715,1.7944666666666667
R_5Bl0sD2ma6kOenD,no_gap,0.9375,1,2.0400666666666667,1.9251333333333334
R_5zD75iREBKTihMt,gap,1,1,0.6755625,0.8401875
R_6AkMGcTw5XpOoSd,gap,1,0.9375,1.3659375,1.2984
R_6QoG7SGfNSA5MY1,no_gap,0.875,0.9375,1.5363846153846155,1.2768
R_78aLaJZ9ov7E4z7,no_gap,0.9375,0.875,1.2698461538461538,1.1765384615384615
R_7QYLh7Cv4ho9ne9,no_gap,1,1,0.871875,0.9264375
R_8039DfpRFz4mdlD,no_gap,0.9375,0.875,0.8930666666666667,1.147857142857143
R_81zsKze4hKiO3Ch,no_gap,1,0.75,0.6624375,0.6924166666666667
R_821ywZ3Ur7opgmR,no_gap,1,0.9375,1.3804375,1.6867857142857143
R_87dG0u6RSBe8bpD,gap,0.9375,0.9375,0.5568,0.49793333333333334
R_88lRNtWC8jzcvPr,gap,1,0.9375,0.6224375,0.8984666666666666
R_8qYu2CCKRBiPBjb,no_gap,1,1,1.0110625,0.902
R_9SIq53ZIw0UeCMp,gap,0.875,0.9375,0.7013571428571428,0.8936428571428572
R_9ZV7VYa4WgGSoPT,gap,1,1,0.4438125,0.4606875
R_a8Keqoc6RqZXPj3,gap,0.4375,0.5,1.4075,0.8455
R_AFYcy8WqCbGhYSB,gap,0.9375,1,0.6839333333333334,0.9163125
R_AhqftoXBoaz9xId,no_gap,1,1,0.9785333333333334,1.31675
R_aXyHoAyLu9CDc4N,no_gap,0.875,0.8125,0.8398571428571429,1.0366666666666666
R_b1xBevGuDlgE5mp,gap,1,0.9375,0.6278125,0.7119333333333333
R_BEpHnJisiwxS1z3,no_gap,0.9375,0.875,1.7032666666666667,1.5767142857142857
R_bj5pW4Iu3tLbUnT,no_gap,1,0.9375,2.3606000000000003,2.1313333333333335
R_bJ8LN8hW9Wr5SFj,no_gap,1,1,0.573375,0.5956875
R_BV2jiQRnLfyGBYl,no_gap,1,1,0.7700625,0.9074375
R_bxcuLDEvGbOnKHT,gap,0.75,0.5,1.6696666666666666,1.2061428571428572
R_Cjijzqk1J6xkLdf,no_gap,1,1,0.7834375,0.746375
R_ClZZ8iH4ih5ZuSd,gap,0.9375,0.875,1.6948,1.74075
R_d6C5372Rri91D57,no_gap,1,1,1.1716875,1.456875
R_DcbIYJJOl9NfnSV,no_gap,1,0.75,0.4541875,0.8551666666666666
R_dfYxqvX4G98rUXL,gap,0.9375,0.8125,0.9012666666666667,0.5632307692307692
R_dh9Z16ZeR9OmSJj,no_gap,1,1,0.6255625,0.737
R_dm7E2sdo1YUjT3z,no_gap,1,1,0.4670625,0.4325625
R_dmY5Tc0WANqnPs5,no_gap,0.8125,1,1.1815384615384614,1.47925
R_eai96tm4PUo2JmF,no_gap,0.9375,1,0.8426,0.802375
R_eJrfTYcTp9qL7ix,no_gap,1,1,0.7195625,0.9841875
R_eKdyzfVrqfswb1n,gap,1,0.875,1.516625,1.6194615384615385
R_esMmOCJbTcEsIq5,gap,0.875,0.875,1.0132307692307692,0.7702857142857142
R_eyNfgTiSRXT8Xi9,no_gap,0.9375,0.9375,1.2321333333333333,1.0587857142857142
R_O0SCTkaxAB7vjA5,gap,0.9375,0.8125,0.9056666666666666,0.9719230769230769
R_O0WT1fmWD73IgCZ,no_gap,1,0.9375,0.9424375,1.1895
R_OBikbvVJp5ZcCOt,gap,1,0.8125,0.7754375,0.9456923076923076
R_OjUO1JZhl881Wdr,gap,0.875,0.9375,0.6355,0.5860666666666666
R_OkxFT8Yi5pR6dsB,gap,0.875,0.6875,1.0689285714285715,0.8927272727272727
R_OPCfSDjGV5SHORr,gap,1,1,0.7621875,0.6205625
R_Ope2sXA3sL6z35T,no_gap,1,1,0.8050625,0.729125
R_PA36VyjszG9W9gt,no_gap,0.875,0.75,1.3222857142857143,1.0048333333333332
R_pEoe2uY6YbOw3aF,gap,0.8125,0.9375,0.49230769230769234,0.44033333333333335
R_PIpINaW6xp0qDD3,gap,0.9375,1,0.6601333333333333,0.5844374999999999
R_pK7U209871YpYIN,gap,1,0.75,1.4920666666666667,1.6891818181818181
R_pngU1YVfrXpM6m5,gap,0.9375,1,0.4786666666666667,0.6045
R_PSSk558zgwsdfq1,gap,0.8125,0.9375,1.2586923076923078,0.9492
R_pT8XhCOwudJrdq9,gap,0.875,1,0.793,0.7743125
R_pufazghR2YH4Vqx,no_gap,0.875,0.9375,1.1085,1.1590666666666667
R_Pwhzf2X9FTJWwcp,gap,0.9375,0.875,0.5330666666666667,0.6500714285714285
R_PYUFtJ6v69P19WF,no_gap,1,0.9375,0.7947500000000001,0.7991333333333334
R_Q3QAyLhzVGkm1hL,no_gap,0.9375,0.9375,1.1368181818181817,0.9963846153846154
R_qL4FaXWkk1AqEmt,gap,0.875,0.6875,2.21,1.3613333333333333
R_QoG98GIXlyTTQCB,gap,0.9375,0.875,0.7832666666666667,0.7100714285714286
R_r25ZrJt80L0xZ5v,no_gap,1,0.9375,0.9714375,1.0224
R_R838SwdXuvvg13j,gap,1,1,0.9144375,0.8355625
R_rcHQpWAv7AbsluV,gap,0.875,1,0.7692142857142857,0.800875
R_rkiqrtdH01X2Uz7,gap,0.8125,1,1.053,0.8425625
R_rpa23bPTMqxRuy5,gap,0.9375,0.875,1.123,1.305153846153846
R_RPRRh5b9RJjsLWF,gap,0.9375,0.9375,2.2874166666666667,2.417666666666667
R_RxCmnVP4h0M2Iet,gap,0.625,0.9375,0.9661428571428571,0.9955
R_SUAv0Djpf96vXsB,gap,0.9375,0.875,0.9554,1.0693076923076923
R_szedVFAI7mc8uqt,gap,1,1,0.583,0.5958125
R_sZRf0Q5e9LGW9gJ,no_gap,1,1,2.2884375,2.3352
R_TjDuFk15r39Xrqh,gap,0.75,0.9375,0.6800909090909091,0.645
R_tLqTSkDsUZvWP4t,no_gap,1,0.9375,0.761375,0.7916
R_tQjTkAdN6h1rHHP,no_gap,1,0.9375,0.7523124999999999,0.8731333333333333
R_u220n4MBxTrGIqB,gap,1,1,1.07,0.785625
R_UA47gf9TzaRpJ0B,no_gap,0.9375,1,1.2895333333333334,1.3964375
R_uk7jLfoyyvrie5P,gap,0.9375,0.875,0.6813333333333333,0.7415384615384616
R_uk8lyne8BTwZWx3,gap,0.9375,1,0.6454666666666666,0.55425
R_UnfbYQPONiXwHgB,no_gap,0.9375,1,1.2904,1.0620625
R_vcofmMoT48YgqGd,no_gap,1,0.9375,1.0614375,1.296
R_vcRLjOIJganFB5L,gap,1,0.8125,0.88325,0.6567692307692308
R_vdAXj8lKTQiuvLj,no_gap,0.9375,1,1.7248181818181818,2.1167
R_vf2rDe2loSzFI4h,gap,1,0.9375,1.5837333333333334,1.8391333333333333
R_vl7yAhjMq73ut4l,no_gap,0.9375,1,0.9272857142857143,1.0106
R_vMGeXCE2A7fFihP,gap,0.9375,0.9375,1.0265333333333333,1.21325
R_VO1OFG6TLIlFTbj,gap,0.9375,1,1.3440666666666667,0.9611875
R_voSsFXEsEVlpeMx,gap,0.9375,1,0.9888666666666667,1.2772142857142856
R_VPabY1AJYIyCZPz,no_gap,0.9375,0.9375,1.186,1.2178666666666667
R_W8LdRMuNzFlfzfX,no_gap,1,1,0.588,0.5989375
R_WfBh84bVieh94u5,no_gap,0.9375,0.75,0.9834666666666666,1.4933333333333332
R_xaQjSryVetgbxMR,gap,0.9375,0.9375,1.2650000000000001,1.3006666666666666
R_xfUcAaPbjk0g6Jz,no_gap,1,1,0.69975,0.7680625
R_xiuZL8oQedG2nrb,gap,1,0.9375,0.7415,0.5724666666666667
R_Y050be3d1qTgt21,no_gap,0.9375,1,0.7431333333333333,0.9724375
R_Y3NmOCLnLbfmdRT,gap,0.875,0.9375,0.6135714285714285,0.6800666666666667
R_ykWwfg34VBujl0B,gap,0.9375,1,0.9804,0.821875
R_ykzlIRPd0KX2ZW1,no_gap,1,1,1.041,1.0020625
R_ypQ4ZCs1p2l24eJ,no_gap,1,0.9375,0.762,0.9255333333333333
R_yPWGGeD3XC6CB0t,no_gap,0.9375,0.9375,0.7427333333333334,0.8667333333333334
R_yPWVvpu60ycQ8P7,gap,0.75,0.875,0.9683636363636363,0.8447857142857143
R_z0je8cRGh1eQ8Rb,gap,1,0.9375,0.847125,0.6297333333333334
R_Z9PxP0CExYG8397,gap,1,0.75,0.489875,0.5670833333333334
R_ZahaFNCfOgy05xL,gap,0.875,0.9375,1.1732142857142858,1.1060666666666668
R_ZaxZDyOScZVjzz3,gap,0.875,0.6875,0.9597142857142857,1.0203636363636364
R_zZ3GrNWCcyKf98B,gap,0.9375,1,0.9168666666666666,0.85975
